{
   "AWSTemplateFormatVersion": "2010-09-09",
   "Parameters": {
      "QueueUserPassword": {
        "NoEcho": "true",
        "Type": "String",
        "Description": "Password for the IAM user QueueUser",
        "MinLength": "1",
        "MaxLength": "41",
        "AllowedPattern": "[a-zA-Z0-9]*",
        "ConstraintDescription": "must contain only alphanumeric characters."
      }
    },
   "Resources": {
      "PostStreaksQueue": {
         "Properties": {
            "QueueName": "PostStreaksQueue",
            "VisibilityTimeout": 180
           },
         "Type": "AWS::SQS::Queue"
      }, 
      "StreaksLambdaFunction": {
      "Type": "AWS::Lambda::Function",
      "Properties": {
          "Code": { "S3Bucket": "bereal", "S3Key": "streaks/app.zip" },
          "Handler": "app.app",
          "Role": { "Fn::GetAtt": ["StreaksLambdaExecutionRole", "Arn"] },
          "Runtime": "python3.11",
          "Timeout": 60,
          "MemorySize": 512
      }
    },
    "StreaksLambdaFunctionEventSourceMapping": {
      "Type": "AWS::Lambda::EventSourceMapping",
      "Properties": {
        "BatchSize": 10,
        "Enabled": true,
        "EventSourceArn": {"Fn::GetAtt": ["PostStreaksQueue", "Arn"]},
        "FunctionName": { "Fn::GetAtt": ["StreaksLambdaFunction", "Arn"] }
      }
    },
    "StreaksLambdaExecutionRole": {
      "Type": "AWS::IAM::Role",
      "Properties": {
        "AssumeRolePolicyDocument": {
          "Version": "2012-10-17",
          "Statement": [
            {
              "Effect": "Allow",
              "Principal": { "Service": ["lambda.amazonaws.com"] },
              "Action": ["sts:AssumeRole"]
            }
          ]
        },
        "Policies": [
          {
            "PolicyName": "allowLambdaLogs",
            "PolicyDocument": {
              "Version": "2012-10-17",
              "Statement": [
                {
                  "Effect": "Allow",
                  "Action": ["logs:*"],
                  "Resource": "arn:aws:logs:*:*:*"
                }
              ]
            }
          },
          {
            "PolicyName": "allowSqs",
            "PolicyDocument": {
              "Version": "2012-10-17",
              "Statement": [
                {
                  "Effect": "Allow",
                  "Action": [
                    "logs:*",
                    "sqs:ReceiveMessage",
                    "sqs:DeleteMessage",
                    "sqs:GetQueueAttributes",
                    "sqs:ChangeMessageVisibility"
                  ],
                  "Resource": [
                    "*"
                  ]
                }
              ]
            }
          }, 
          {
            "PolicyName": "allowDynamoDBAccess",
            "PolicyDocument": {
              "Version": "2012-10-17",
              "Statement": [
                {
                  "Effect": "Allow",
                  "Action": [
                    "dynamodb:*"
                  ],
                  "Resource": "*"
                }
              ]
            }
          }
        ]
      }
    },
    "PostStreaksTopicSubscription": {
      "Type": "AWS::SNS::Subscription",
      "Properties": {
          "Endpoint": {
            "Fn::GetAtt": [
                "PostStreaksQueue",
                "Arn"
            ]
          },
          "Protocol": "sqs",
          "TopicArn":"arn:aws:sns:us-east-1:851725573367:bereal-clone-1-SNSNewPostTopic-5nUF8RUBGDC1"
      }
    },
    "PostStreaksDatabase": {
      "Type": "AWS::DynamoDB::Table",
      "Properties": {
        "AttributeDefinitions": [
          {
            "AttributeName": "user_id",
            "AttributeType": "S"
          }, 
          {
            "AttributeName": "released_timestamp_int", 
            "AttributeType": "N"
          }
        ],
        "KeySchema": [
          {
            "AttributeName": "user_id",
            "KeyType": "HASH"
          }, 
          {
            "AttributeName": "released_timestamp_int", 
            "KeyType": "RANGE"
          }
        ], 
        "ProvisionedThroughput": {
          "ReadCapacityUnits": 5,
          "WriteCapacityUnits": 5
        },
        "TableName": "post_streaks"
      }
    },
    "QueueUser": {
        "Type": "AWS::IAM::User",
        "Properties": {
          "LoginProfile": { "Password": { "Ref": "QueueUserPassword" } }
        }
      },
      "QueueUserKey": {
        "Type": "AWS::IAM::AccessKey",
        "Properties": { "UserName": { "Ref": "QueueUser" } }
      },
      "RDMessageQueueGroup": {
        "Type": "AWS::IAM::Group",
        "Properties": {
          "Policies": [
            {
              "PolicyName": "QueueGroupPolicy",
              "PolicyDocument": {
                "Statement": [
                  {
                    "Effect": "Allow",
                    "Action": ["sqs:DeleteMessage", "sqs:ReceiveMessage"],
                    "Resource": [
                      "*"
                    ]
                  }
                ]
              }
            }
          ]
        }
      },
      "AddUserToQueueGroup": {
        "Type": "AWS::IAM::UserToGroupAddition",
        "Properties": {
          "GroupName": { "Ref": "RDMessageQueueGroup" },
          "Users": [{ "Ref": "QueueUser" }]
        }
      },
      "QueuePolicy": {
        "Type": "AWS::SQS::QueuePolicy",
        "Properties": {
          "PolicyDocument": {
            "Statement": [
              {
                "Effect": "Allow",
                "Principal": { "Service": "sns.amazonaws.com" },
                "Action": ["sqs:SendMessage"],
                "Resource": ["*"],
                "Condition": {
                  "ArnEquals": { "aws:SourceArn": "arn:aws:sns:us-east-1:851725573367:bereal-clone-1-SNSNewPostTopic-5nUF8RUBGDC1" }
                }
              }
            ]
          },
          "Queues":  [
              { "Ref": "PostStreaksQueue" }
        ]
      }
    }
   },
   "Outputs": {
      "QueueUserInfo": {
        "Value": {
          "Fn::Join": [
            " ",
            [
              "ARN:",
              { "Fn::GetAtt": ["QueueUser", "Arn"] },
              "Access Key:",
              { "Ref": "QueueUserKey" },
              "Secret Key:",
              { "Fn::GetAtt": ["QueueUserKey", "SecretAccessKey"] }
            ]
          ]
        }
      },
      "QueueName": {
         "Description": "The name of the queue",
         "Value": {
            "Fn::GetAtt": [
               "PostStreaksQueue",
               "QueueName"
            ]
         }
      },
      "QueueURL": {
         "Description": "The URL of the queue",
         "Value": {
            "Ref": "PostStreaksQueue"
         }
      },
      "QueueARN": {
         "Description": "The ARN of the queue",
         "Value": {
            "Fn::GetAtt": [
               "PostStreaksQueue",
               "Arn"
            ]
         },
         "Export": {
            "Name": "PostStreaksQueueARN"
          }
      }
   }
}